{
 "start": "2011-01",
 "months": 183,
 "cand_net": [
  0.006083,
  0.059881,
  0.035729,
  0.02393,
  0.003719,
  -0.016386,
  -0.050798,
  -0.068314,
  -0.109117,
  0.164018,
  -0.007318,
  0.004862,
  0.086286,
  0.044246,
  0.023675,
  -0.009992,
  -0.063951,
  0.037309,
  -0.001376,
  0.048163,
  0.028039,
  -0.001412,
  0.026024,
  0.029483,
  0.063387,
  0.016292,
  0.047454,
  0.012931,
  0.039914,
  -0.011664,
  0.062207,
  -0.029407,
  0.062501,
  0.042733,
  0.029887,
  0.017219,
  -0.024874,
  0.05085,
  0.004433,
  -0.007532,
  0.008036,
  0.034617,
  -0.047737,
  0.037899,
  -0.051657,
  0.079842,
  0.008462,
  0.014562,
  -0.00995,
  0.054584,
  0.01489,
  -0.02628,
  0.02038,
  -0.009656,
  0.004318,
  -0.052941,
  -0.033862,
  0.055951,
  0.027021,
  -0.045865,
  -0.054266,
  0.03585,
  0.072491,
  -0.003935,
  0.02831,
  0.011924,
  0.049086,
  0.006044,
  -0.003956,
  -0.039767,
  0.088098,
  0.020666,
  0.019122,
  0.009821,
  0.008057,
  0.019666,
  -0.016728,
  0.012883,
  0.004878,
  -0.002792,
  0.047268,
  0.013697,
  0.03314,
  0.003481,
  0.025342,
  -0.033691,
  0.003208,
  -0.010883,
  0.043187,
  9.6e-05,
  0.024636,
  0.042155,
  -0.028339,
  -0.081281,
  0.020247,
  -0.095804,
  0.112364,
  0.044243,
  -0.008349,
  0.042552,
  -0.087136,
  0.084004,
  0.009901,
  -0.047641,
  0.040844,
  0.03037,
  0.024387,
  0.03144,
  -0.024931,
  -0.08872,
  -0.194291,
  0.133695,
  0.054779,
  0.02184,
  0.050566,
  0.030007,
  -0.027224,
  0.007586,
  0.154991,
  0.066262,
  0.018534,
  0.057065,
  0.047947,
  0.04685,
  0.009008,
  -0.001366,
  0.023086,
  0.019653,
  -0.039649,
  0.048721,
  -0.019634,
  0.055135,
  -0.059921,
  0.011201,
  0.016308,
  -0.068215,
  0.009313,
  -0.087377,
  0.088822,
  -0.043189,
  -0.096884,
  0.105171,
  0.065201,
  -0.050779,
  0.095905,
  -0.032166,
  -0.017236,
  -0.01947,
  -0.020012,
  0.084593,
  0.038233,
  -0.024725,
  -0.047955,
  -0.050637,
  0.08373,
  0.090632,
  -0.024357,
  0.058392,
  0.038719,
  -0.053701,
  0.053372,
  -0.013674,
  0.059858,
  0.007558,
  0.021779,
  -0.018808,
  0.080412,
  -0.059571,
  0.033309,
  -0.052928,
  -0.041239,
  -0.006909,
  0.037491,
  0.030002,
  0.020491,
  0.044165,
  0.00277,
  -0.017444,
  0.021249,
  -0.000225,
  0.007752,
  0.021261,
  -0.065519
 ],
 "cand_to": [
  0.5,
  0.3086,
  0.1686,
  0.3314,
  0.0137,
  0.2134,
  0.2561,
  0.0325,
  0.256,
  0.25,
  0.2096,
  0.1886,
  0.0857,
  0.4064,
  0.1176,
  0.0163,
  0.3043,
  0.1192,
  0.0259,
  0.3161,
  0.1809,
  0.018,
  0.3352,
  0.1707,
  0.4537,
  0.2435,
  0.0876,
  0.0412,
  0.2567,
  0.1875,
  0.0227,
  0.2718,
  0.025,
  0.23,
  0.1929,
  0.015,
  0.42,
  0.2247,
  0.2554,
  0.1739,
  0.1739,
  0.0164,
  0.2742,
  0.1559,
  0.0267,
  0.2941,
  0.2281,
  0.0184,
  0.4938,
  0.1905,
  0.1812,
  0.3059,
  0.1882,
  0.018,
  0.2857,
  0.254,
  0.1735,
  0.1888,
  0.0495,
  0.2955,
  0.3851,
  0.0968,
  0.3041,
  0.1813,
  0.0178,
  0.2443,
  0.2258,
  0.0213,
  0.2713,
  0.1685,
  0.2012,
  0.2339,
  0.2632,
  0.4503,
  0.2339,
  0.2056,
  0.038,
  0.2826,
  0.2194,
  0.1939,
  0.193,
  0.0364,
  0.3,
  0.2215,
  0.2162,
  0.494,
  0.256,
  0.0377,
  0.3226,
  0.2378,
  0.028,
  0.2313,
  0.1905,
  0.028,
  0.2789,
  0.1769,
  0.3014,
  0.2622,
  0.337,
  0.0442,
  0.2697,
  0.2331,
  0.0592,
  0.2485,
  0.025,
  0.2938,
  0.1776,
  0.0395,
  0.5203,
  0.3,
  0.1,
  0.4074,
  0.2741,
  0.0721,
  0.3796,
  0.2333,
  0.3772,
  0.3841,
  0.0321,
  0.3397,
  0.5137,
  0.2031,
  0.1866,
  0.3676,
  0.2279,
  0.0317,
  0.35,
  0.0244,
  0.3902,
  0.1953,
  0.0303,
  0.2727,
  0.4741,
  0.236,
  0.2422,
  0.2148,
  0.0625,
  0.2917,
  0.2353,
  0.0523,
  0.3673,
  0.197,
  0.2727,
  0.2883,
  0.1753,
  0.5,
  0.2857,
  0.2406,
  0.0593,
  0.3953,
  0.2016,
  0.1875,
  0.295,
  0.0432,
  0.3598,
  0.2036,
  0.2275,
  0.4419,
  0.3214,
  0.0417,
  0.2819,
  0.2013,
  0.0329,
  0.2632,
  0.0272,
  0.2839,
  0.1465,
  0.038,
  0.5253,
  0.2482,
  0.2789,
  0.2789,
  0.1931,
  0.0496,
  0.354,
  0.1758,
  0.0179,
  0.3155,
  0.1975,
  0.0191,
  0.4935,
  0.2688,
  0.1774
 ],
 "ew100_net": [
  0.012962,
  0.050807,
  0.022451,
  0.023274,
  -0.017769,
  -0.014883,
  -0.043911,
  -0.078726,
  -0.112278,
  0.135775,
  -0.000118,
  0.009906,
  0.067633,
  0.035121,
  0.022846,
  -0.00304,
  -0.076068,
  0.023653,
  -0.006127,
  0.032441,
  0.024983,
  0.011037,
  0.028661,
  0.017958,
  0.081814,
  0.014911,
  0.041545,
  0.004502,
  0.032137,
  -0.016839,
  0.058058,
  -0.028861,
  0.047674,
  0.041623,
  0.010109,
  0.022626,
  -0.013739,
  0.059919,
  -0.008624,
  -0.015869,
  0.018699,
  0.041409,
  -0.036365,
  0.050934,
  -0.030237,
  0.027829,
  0.011121,
  -0.002383,
  -0.019667,
  0.062672,
  0.000356,
  -0.011167,
  0.021569,
  -0.030267,
  0.00543,
  -0.060308,
  -0.042351,
  0.059472,
  0.004088,
  -0.026836,
  -0.066544,
  0.026022,
  0.086425,
  0.01286,
  0.021295,
  0.001708,
  0.05226,
  0.01343,
  0.00032,
  -0.032527,
  0.05621,
  0.010463,
  0.035097,
  0.024155,
  0.006262,
  0.020601,
  0.006017,
  0.018689,
  0.017846,
  -0.000849,
  0.019558,
  0.025563,
  0.036493,
  0.012656,
  0.037807,
  -0.042419,
  0.006479,
  0.001298,
  0.028029,
  0.011766,
  0.025015,
  0.035135,
  -0.007455,
  -0.077612,
  0.011315,
  -0.104906,
  0.114026,
  0.028983,
  0.010099,
  0.031098,
  -0.070083,
  0.075191,
  0.00238,
  -0.052842,
  0.025617,
  0.005262,
  0.038171,
  0.021175,
  -0.012978,
  -0.083535,
  -0.220576,
  0.135474,
  0.080066,
  0.014087,
  0.063955,
  0.042161,
  -0.018841,
  -0.00805,
  0.16431,
  0.0624,
  -0.020632,
  0.044289,
  0.031401,
  0.063452,
  0.012552,
  0.00316,
  -0.00794,
  0.022197,
  -0.037166,
  0.051033,
  -0.036874,
  0.012605,
  -0.073453,
  -0.012616,
  0.020948,
  -0.071951,
  -0.00016,
  -0.095298,
  0.086961,
  -0.023058,
  -0.104304,
  0.080195,
  0.052721,
  -0.057726,
  0.091814,
  -0.048175,
  -0.016778,
  -0.021067,
  -0.013158,
  0.087418,
  0.04784,
  -0.030642,
  -0.056834,
  -0.06569,
  0.100252,
  0.081895,
  -0.01516,
  0.040918,
  0.041443,
  -0.071373,
  0.031059,
  -0.010934,
  0.060659,
  0.021035,
  0.018158,
  -0.016296,
  0.088472,
  -0.056262,
  0.0316,
  -0.025813,
  -0.05133,
  -0.014534,
  0.059153,
  0.041337,
  0.01579,
  0.011547,
  0.002439,
  -0.003407,
  0.005875,
  -0.009376,
  0.005823,
  0.03891,
  -0.051059
 ],