{
 "start": "2011-01",
 "months": 183,
 "cand_net": [
  0.019079,
  0.033973,
  0.014809,
  0.040974,
  0.004301,
  -0.016628,
  -0.044042,
  -0.048465,
  -0.079285,
  0.11965,
  -0.003614,
  -0.007797,
  0.068122,
  0.049129,
  0.032502,
  -0.006152,
  -0.067601,
  0.02929,
  -0.001044,
  0.032576,
  0.015662,
  -0.009511,
  0.024485,
  0.01647,
  0.064527,
  0.01713,
  0.041406,
  0.025505,
  0.025777,
  -0.013343,
  0.055511,
  -0.026499,
  0.043954,
  0.040909,
  0.031278,
  0.039138,
  -0.028457,
  0.047925,
  4.8e-05,
  -0.001988,
  0.031969,
  0.019246,
  -0.016712,
  0.045752,
  -0.018996,
  0.033406,
  0.038214,
  0.00242,
  -0.017162,
  0.051132,
  -0.007073,
  -0.015051,
  0.020974,
  -0.018535,
  0.020338,
  -0.051812,
  -0.020116,
  0.070869,
  0.007819,
  -0.017514,
  -0.036885,
  0.019874,
  0.061792,
  -0.007339,
  0.019344,
  -0.000715,
  0.048154,
  0.0065,
  0.008735,
  -0.037422,
  0.039989,
  0.003575,
  0.021176,
  0.04355,
  0.010146,
  0.014246,
  0.016079,
  0.003026,
  0.015906,
  0.003768,
  0.027357,
  0.019907,
  0.041404,
  0.001955,
  0.055789,
  -0.030363,
  -0.008606,
  -0.003985,
  0.031788,
  0.006475,
  0.029173,
  0.025664,
  -0.004185,
  -0.073858,
  0.035091,
  -0.078608,
  0.092324,
  0.047244,
  0.024134,
  0.027968,
  -0.059455,
  0.074872,
  0.010634,
  -0.02251,
  0.007509,
  0.014888,
  0.041641,
  0.018369,
  -0.0045,
  -0.06971,
  -0.124246,
  0.13498,
  0.054528,
  0.00209,
  0.06359,
  0.04246,
  -0.00885,
  -0.018779,
  0.104886,
  0.030649,
  -0.010213,
  0.018357,
  0.06317,
  0.038845,
  0.021838,
  0.00812,
  0.035106,
  0.02473,
  -0.061355,
  0.060062,
  -0.008933,
  0.075596,
  -0.013077,
  -0.004002,
  0.03089,
  -0.049761,
  0.034942,
  -0.092529,
  0.0859,
  -0.024928,
  -0.085831,
  0.102122,
  0.04939,
  -0.0426,
  0.052199,
  -0.025169,
  0.028603,
  -6.7e-05,
  -0.025262,
  0.074288,
  0.019853,
  -0.021366,
  -0.032171,
  -0.030796,
  0.087136,
  0.052975,
  -0.002062,
  0.038982,
  0.03266,
  -0.042234,
  0.022744,
  0.004393,
  0.038687,
  0.036677,
  0.026191,
  -0.011201,
  0.070073,
  -0.062499,
  0.046984,
  -0.015413,
  -0.037538,
  0.011462,
  0.051693,
  0.032495,
  0.004498,
  0.0216,
  0.02529,
  -0.000275,
  -0.00075,
  -0.001073,
  0.005581,
  0.027469,
  -0.052435
 ],
 "cand_to": [
  0.5,
  0.2278,
  0.0759,
  0.2102,
  0.027,
  0.1284,
  0.169,
  0.0284,
  0.1736,
  0.1812,
  0.1141,
  0.0634,
  0.1127,
  0.381,
  0.0612,
  0.0205,
  0.1712,
  0.0861,
  0.0265,
  0.1842,
  0.0828,
  0.0127,
  0.2405,
  0.0786,
  0.3431,
  0.2171,
  0.0775,
  0.0167,
  0.2167,
  0.1681,
  0.0091,
  0.252,
  0.0081,
  0.2984,
  0.1468,
  0.0275,
  0.3019,
  0.2018,
  0.2119,
  0.1864,
  0.1416,
  0.0088,
  0.2314,
  0.157,
  0.0169,
  0.3051,
  0.1895,
  0.0217,
  0.4565,
  0.1573,
  0.2887,
  0.3093,
  0.1915,
  0.0337,
  0.3333,
  0.202,
  0.15,
  0.2,
  0.0753,
  0.34,
  0.39,
  0.1529,
  0.3505,
  0.3093,
  0.0732,
  0.2872,
  0.2407,
  0.037,
  0.2243,
  0.215,
  0.271,
  0.2336,
  0.1753,
  0.4021,
  0.1748,
  0.165,
  0.0388,
  0.2136,
  0.2056,
  0.1589,
  0.1524,
  0.0571,
  0.3143,
  0.1458,
  0.3333,
  0.5859,
  0.2222,
  0.0619,
  0.3711,
  0.1951,
  0.0682,
  0.2755,
  0.1531,
  0.0323,
  0.2788,
  0.1442,
  0.2887,
  0.2952,
  0.2762,
  0.0303,
  0.3535,
  0.2903,
  0.0753,
  0.2614,
  0.0568,
  0.2738,
  0.1875,
  0.0513,
  0.5263,
  0.3571,
  0.125,
  0.4574,
  0.3936,
  0.0937,
  0.4262,
  0.3538,
  0.2394,
  0.4393,
  0.0796,
  0.3186,
  0.4194,
  0.1429,
  0.2414,
  0.3218,
  0.2405,
  0.0253,
  0.3258,
  0.0787,
  0.3253,
  0.2692,
  0.0641,
  0.3038,
  0.4937,
  0.2697,
  0.2022,
  0.1556,
  0.0761,
  0.2826,
  0.2545,
  0.0909,
  0.26,
  0.2,
  0.2381,
  0.3146,
  0.1067,
  0.4189,
  0.2099,
  0.2099,
  0.0405,
  0.3253,
  0.2289,
  0.2,
  0.3077,
  0.0375,
  0.37,
  0.29,
  0.3023,
  0.6104,
  0.3111,
  0.0543,
  0.413,
  0.1481,
  0.0732,
  0.2791,
  0.0465,
  0.2674,
  0.1889,
  0.0532,
  0.5213,
  0.3158,
  0.1667,
  0.1667,
  0.1489,
  0.0645,
  0.2885,
  0.1442,
  0.0286,
  0.2476,
  0.1633,
  0.0323,
  0.3871,
  0.2222,
  0.1919
 ],
 "ew100_net": [
  0.020003,
  0.033959,
  -0.00713,
  0.025337,
  -0.018581,
  -0.014791,
  -0.020343,
  -0.056334,
  -0.078753,
  0.110118,
  -0.003629,
  0.005832,
  0.059266,
  0.038236,
  0.026705,
  -0.003522,
  -0.069079,
  0.036183,
  0.004704,
  0.017211,
  0.028016,
  -0.018895,
  0.012049,
  0.011525,
  0.057924,
  0.005233,
  0.036471,
  0.026229,
  0.022458,
  -0.01568,
  0.056878,
  -0.026406,
  0.038167,
  0.046,
  0.028519,
  0.025397,
  -0.035157,
  0.044773,
  0.006729,
  0.009529,
  0.021723,
  0.017835,
  -0.009093,
  0.036331,
  -0.013646,
  0.016325,
  0.023164,
  -0.00433,
  -0.031738,
  0.058523,
  -0.015383,
  0.013677,
  0.013087,
  -0.017483,
  0.023594,
  -0.062496,
  -0.024447,
  0.080316,
  -0.001483,
  -0.01836,
  -0.053666,
  -0.005312,
  0.064205,
  0.016172,
  0.010637,
  0.000333,
  0.035531,
  0.002976,
  -0.002453,
  -0.015413,
  0.029528,
  0.021024,
  0.018999,
  0.03835,
  0.000109,
  0.008352,
  0.01493,
  0.009673,
  0.020499,
  0.003172,
  0.02404,
  0.022624,
  0.029582,
  0.013544,
  0.065376,
  -0.043873,
  -0.028442,
  -0.000684,
  0.022759,
  -0.002125,
  0.042625,
  0.022147,
  0.012658,
  -0.064825,
  0.024796,
  -0.08194,
  0.073275,
  0.032237,
  0.012213,
  0.031671,
  -0.057282,
  0.064028,
  0.012173,
  -0.016201,
  0.014824,
  0.019222,
  0.035562,
  0.025625,
  -0.001877,
  -0.076143,
  -0.111168,
  0.109299,
  0.050101,
  0.011445,
  0.04806,
  0.074706,
  -0.023657,
  -0.041826,
  0.131582,
  0.033972,
  -0.011476,
  0.042381,
  0.042248,
  0.041713,
  0.014618,
  0.024426,
  0.023424,
  0.021444,
  -0.041908,
  0.062525,
  -0.021821,
  0.039775,
  -0.052786,
  -0.030569,
  0.028497,
  -0.081561,
  0.009917,
  -0.082379,
  0.076349,
  -0.035156,
  -0.091052,
  0.09798,
  0.068592,
  -0.0451,
  0.058423,
  -0.031652,
  0.02829,
  0.0137,
  -0.011741,
  0.055915,
  0.037197,
  -0.017795,
  -0.046985,
  -0.026781,
  0.087227,
  0.052358,
  0.021267,
  0.042352,
  0.033333,
  -0.039429,
  0.034124,
  0.020396,
  0.018389,
  0.028183,
  0.016867,
  -0.012547,
  0.057106,
  -0.041358,
  0.048446,
  0.002272,
  -0.048535,
  -0.007602,
  0.047314,
  0.042796,
  0.004006,
  0.031764,
  0.028552,
  0.025321,
  0.004553,
  0.011002,
  0.021462,
  0.00872,
  -0.05046
 ],